return mean,return std,normalized return mean,normalized return std
344.4255061023624,11.777642262910694,11.205706216515058,0.36187987726733545
